{"initial_reset_timestamp": 1556716101.290471, "timestamps": [1556716112.7710445, 1556716122.668354, 1556716132.5382428, 1556716142.4248378, 1556716152.2645364, 1556716162.1346483, 1556716172.2253652, 1556716181.8776994, 1556716191.6443276, 1556716201.5368884, 1556716212.0505702, 1556716223.58955, 1556716233.3384898, 1556716243.5430002, 1556716255.979329, 1556716267.474991, 1556716277.2202594, 1556716287.7565782, 1556716297.548347, 1556716309.9573448, 1556716321.684609, 1556716332.0088468, 1556716343.3018968, 1556716354.2216098, 1556716364.1069472, 1556716374.3893769, 1556716386.6913507, 1556716399.1356988, 1556716409.0508137, 1556716420.5223463, 1556716433.4426847, 1556716445.2965357, 1556716455.9236536, 1556716466.9835715, 1556716481.0019894, 1556716496.0434818, 1556716510.4577436, 1556716522.759692, 1556716532.9982827, 1556716546.4022036, 1556716560.1313343, 1556716578.542326, 1556716592.5249386, 1556716606.7900655, 1556716621.7809992, 1556716635.203752, 1556716650.8119464, 1556716664.6016726, 1556716679.3086689, 1556716695.3888621, 1556716711.507791, 1556716726.6798024, 1556716744.5225108, 1556716753.8643486, 1556716760.9323986], "episode_lengths": [1691, 1699, 1692, 1699, 1687, 1694, 1694, 1653, 1655, 1691, 1739, 1927, 1632, 1747, 2064, 1888, 1629, 1770, 1630, 2106, 1826, 1720, 1902, 1854, 1658, 1745, 2111, 2112, 1664, 1926, 2155, 1996, 1766, 1817, 2280, 2563, 2377, 2052, 1756, 2302, 2140, 3102, 2318, 2425, 2595, 2301, 2611, 2320, 2433, 2677, 2676, 2562, 3032, 1561, 1193], "episode_rewards": [20.0, 20.0, 21.0, 20.0, 20.0, 20.0, 20.0, 21.0, 21.0, 20.0, 20.0, 17.0, 21.0, 20.0, 15.0, 19.0, 21.0, 20.0, 21.0, 17.0, 18.0, 19.0, 18.0, 18.0, 20.0, 20.0, 13.0, 15.0, 20.0, 17.0, 13.0, 16.0, 19.0, 18.0, 14.0, 10.0, 9.0, 15.0, 19.0, 9.0, 11.0, -2.0, -7.0, 10.0, 3.0, 12.0, 4.0, 9.0, 9.0, 3.0, 3.0, -3.0, -2.0, -18.0, -20.0], "episode_types": ["t", "t", "t", "t", "t", "t", "t", "t", "t", "t", "t", "t", "t", "t", "t", "t", "t", "t", "t", "t", "t", "t", "t", "t", "t", "t", "t", "t", "t", "t", "t", "t", "t", "t", "t", "t", "t", "t", "t", "t", "t", "t", "t", "t", "t", "t", "t", "t", "t", "t", "t", "t", "t", "t", "t"]}