{"initial_reset_timestamp": 1556714556.598402, "timestamps": [1556714565.1750052, 1556714572.6729052, 1556714580.0928717, 1556714587.4298854, 1556714594.8045282, 1556714605.1264527, 1556714615.5139325, 1556714624.2650084, 1556714632.3125658, 1556714642.5024009, 1556714649.6953077, 1556714654.6013775, 1556714660.125588, 1556714665.8718941, 1556714670.749983, 1556714675.03119, 1556714679.5893872, 1556714684.0318232, 1556714689.000601, 1556714693.220763, 1556714698.1184847, 1556714702.4372227, 1556714706.6058981, 1556714710.612086, 1556714714.2444932, 1556714718.145094, 1556714721.7195346, 1556714725.3379045, 1556714729.6887424, 1556714733.0616183, 1556714736.7427592, 1556714740.436771, 1556714743.8514793, 1556714747.3357766, 1556714750.9575472, 1556714754.5363631, 1556714758.1051826, 1556714761.6966448, 1556714765.6732264, 1556714769.2399368, 1556714773.2385962, 1556714776.9018745, 1556714780.5153794, 1556714784.3665638, 1556714788.2161412, 1556714792.2284052, 1556714795.7998216, 1556714799.3269408, 1556714802.9240642, 1556714806.6844885, 1556714810.6053758, 1556714814.4884057, 1556714818.1510098, 1556714822.1904593, 1556714825.9141057], "episode_lengths": [1691, 1699, 1692, 1699, 1687, 2341, 2289, 1942, 1809, 2330, 1639, 1114, 1246, 1299, 1063, 963, 996, 1001, 1102, 971, 1008, 891, 943, 909, 833, 896, 817, 820, 989, 777, 848, 838, 774, 790, 824, 818, 821, 822, 929, 818, 818, 836, 838, 882, 890, 919, 818, 818, 837, 877, 899, 893, 818, 896, 821], "episode_rewards": [20.0, 20.0, 21.0, 20.0, 20.0, 10.0, 14.0, 16.0, 19.0, 9.0, -16.0, -18.0, -18.0, -19.0, -19.0, -19.0, -21.0, -19.0, -20.0, -19.0, -19.0, -20.0, -19.0, -20.0, -20.0, -20.0, -21.0, -21.0, -21.0, -21.0, -21.0, -20.0, -21.0, -21.0, -21.0, -21.0, -21.0, -21.0, -21.0, -21.0, -21.0, -20.0, -21.0, -21.0, -20.0, -20.0, -21.0, -21.0, -20.0, -21.0, -20.0, -20.0, -21.0, -20.0, -21.0], "episode_types": ["t", "t", "t", "t", "t", "t", "t", "t", "t", "t", "t", "t", "t", "t", "t", "t", "t", "t", "t", "t", "t", "t", "t", "t", "t", "t", "t", "t", "t", "t", "t", "t", "t", "t", "t", "t", "t", "t", "t", "t", "t", "t", "t", "t", "t", "t", "t", "t", "t", "t", "t", "t", "t", "t", "t"]}