{"initial_reset_timestamp": 1556715411.3288875, "timestamps": [1556715419.6642075, 1556715426.7863493, 1556715433.875329, 1556715440.9810238, 1556715448.057253, 1556715457.3794267, 1556715466.4925451, 1556715475.6208858, 1556715485.2900286, 1556715494.7862706, 1556715504.643911, 1556715514.7052574, 1556715524.098694, 1556715533.9728734, 1556715544.7668238, 1556715554.2301967, 1556715564.251099, 1556715576.1503642, 1556715586.1597188, 1556715596.791417, 1556715610.2545428, 1556715620.2808352, 1556715634.087109, 1556715646.1478574, 1556715655.527786, 1556715667.984017, 1556715680.376144, 1556715691.1835096, 1556715700.6268883, 1556715711.8173826, 1556715722.7367067, 1556715733.4744341, 1556715745.5762274, 1556715756.3858707, 1556715769.7986734, 1556715787.1013918, 1556715804.3054886, 1556715821.5854924, 1556715836.0251484, 1556715850.5545812, 1556715868.4280438, 1556715882.6155798, 1556715896.6771998, 1556715913.3602178, 1556715926.0950813, 1556715939.1987634, 1556715952.430708, 1556715966.8130898, 1556715977.4672594, 1556715990.6370916, 1556716002.6896393, 1556716014.7772396, 1556716025.010066, 1556716035.124485, 1556716045.8638785], "episode_lengths": [1691, 1699, 1692, 1699, 1687, 1633, 1633, 1630, 1693, 1630, 1741, 1750, 1662, 1747, 1908, 1664, 1774, 2115, 1774, 1874, 2185, 1754, 2427, 2113, 1656, 2199, 2186, 1918, 1682, 1917, 1898, 1900, 2131, 1900, 2340, 3039, 3044, 3043, 2553, 2549, 2906, 2479, 2478, 2911, 2253, 2321, 2320, 2521, 1886, 2316, 2109, 2109, 1798, 1774, 1891], "episode_rewards": [20.0, 20.0, 21.0, 20.0, 20.0, 21.0, 21.0, 21.0, 20.0, 21.0, 20.0, 19.0, 20.0, 20.0, 16.0, 20.0, 19.0, 16.0, 19.0, 19.0, 13.0, 18.0, 11.0, 15.0, 20.0, 13.0, 13.0, 18.0, 20.0, 18.0, 17.0, 17.0, 13.0, 17.0, -5.0, -1.0, -1.0, -1.0, 4.0, 4.0, -2.0, -7.0, -7.0, -2.0, 9.0, 8.0, 8.0, 11.0, -16.0, -8.0, -9.0, -9.0, -14.0, -14.0, -13.0], "episode_types": ["t", "t", "t", "t", "t", "t", "t", "t", "t", "t", "t", "t", "t", "t", "t", "t", "t", "t", "t", "t", "t", "t", "t", "t", "t", "t", "t", "t", "t", "t", "t", "t", "t", "t", "t", "t", "t", "t", "t", "t", "t", "t", "t", "t", "t", "t", "t", "t", "t", "t", "t", "t", "t", "t", "t"]}