{"initial_reset_timestamp": 1556714428.3710458, "timestamps": [1556714433.6418211, 1556714437.2291615, 1556714440.7832804, 1556714444.499254, 1556714448.642294, 1556714452.8438854, 1556714456.453372], "episode_lengths": [898, 830, 819, 817, 936, 821, 821], "episode_rewards": [-20.0, -20.0, -21.0, -21.0, -21.0, -21.0, -21.0], "episode_types": ["t", "t", "t", "t", "t", "t", "t", "t"]}