{"initial_reset_timestamp": 1556714937.713467, "timestamps": [1556714946.078452, 1556714953.2245011, 1556714960.453326, 1556714967.6655033, 1556714974.8335319, 1556714982.397824, 1556714989.7493942, 1556714996.9970791, 1556715004.4099755, 1556715011.8305082, 1556715019.357559, 1556715027.1981168, 1556715034.2042677, 1556715044.515331, 1556715052.0008757, 1556715061.377029, 1556715069.4219646, 1556715078.6487334, 1556715086.930085, 1556715096.8080137, 1556715109.8282974, 1556715122.4262834, 1556715132.9838483, 1556715145.525146, 1556715157.1848855, 1556715166.3361068, 1556715172.439681, 1556715180.175724, 1556715187.84049, 1556715195.4999893, 1556715204.4269433, 1556715213.3116164, 1556715220.9223545, 1556715229.8107722, 1556715240.0385294, 1556715247.595646, 1556715255.142846, 1556715262.632241, 1556715268.0890641, 1556715273.5724823, 1556715279.2702308, 1556715284.0323906, 1556715288.7331972, 1556715293.781158, 1556715300.6567523, 1556715305.602314, 1556715310.7094212, 1556715315.4485056, 1556715320.5289493, 1556715326.5068836, 1556715330.535865, 1556715334.5559232, 1556715339.0732481, 1556715343.6153703, 1556715347.5355413], "episode_lengths": [1691, 1699, 1692, 1699, 1687, 1747, 1747, 1704, 1746, 1704, 1783, 1845, 1661, 2430, 1754, 2216, 1899, 2131, 1899, 2331, 2731, 2907, 2479, 2906, 2727, 2110, 1432, 1772, 1801, 1771, 2076, 2078, 1782, 2078, 2362, 1772, 1788, 1787, 1285, 1281, 1187, 1098, 1097, 1192, 1635, 1164, 1163, 1131, 1209, 1421, 960, 960, 1080, 1084, 937], "episode_rewards": [20.0, 20.0, 21.0, 20.0, 20.0, 20.0, 20.0, 20.0, 20.0, 20.0, 20.0, 18.0, 20.0, 11.0, 18.0, 14.0, 17.0, 13.0, 17.0, 10.0, -1.0, -2.0, -7.0, -2.0, -1.0, -9.0, -18.0, -14.0, -14.0, -14.0, -11.0, -11.0, -19.0, -11.0, -7.0, -13.0, -13.0, -13.0, -19.0, -19.0, -18.0, -21.0, -21.0, -18.0, -14.0, -20.0, -20.0, -19.0, -18.0, -17.0, -20.0, -20.0, -20.0, -20.0, -20.0], "episode_types": ["t", "t", "t", "t", "t", "t", "t", "t", "t", "t", "t", "t", "t", "t", "t", "t", "t", "t", "t", "t", "t", "t", "t", "t", "t", "t", "t", "t", "t", "t", "t", "t", "t", "t", "t", "t", "t", "t", "t", "t", "t", "t", "t", "t", "t", "t", "t", "t", "t", "t", "t", "t", "t", "t", "t"]}